Residue,WT_AA,mut_AA,total
1,S,C,12
1,S,G,303
1,S,N,128
1,S,R,4
4,R,I,5
4,R,K,99
5,K,Q,5
5,K,R,15
6,M,I,28
6,M,L,11
6,M,V,6
7,A,S,4
7,A,T,139
7,A,V,54
8,F,C,8
8,F,L,190
8,F,Y,26
9,P,S,32
10,S,T,4
12,K,R,63
13,V,I,31
15,G,C,1158
15,G,D,40
15,G,S,12357
15,G,V,11
16,C,S,8
17,M,I,481
17,M,T,30
17,M,V,176
18,V,A,85
18,V,I,27
18,V,L,42
19,Q,H,9
19,Q,R,11
20,V,A,111
20,V,I,21
20,V,L,14
21,T,A,12
21,T,I,3556
21,T,N,15
23,G,C,5
23,G,D,24
23,G,S,89
23,G,V,21
24,T,A,491
24,T,I,508
25,T,A,11
25,T,I,90
26,T,A,12
27,L,P,8
30,L,F,19
30,L,I,11
32,L,F,5
32,L,I,19
33,D,A,7
33,D,E,15
33,D,G,355
33,D,N,4
33,D,Y,20
34,D,E,18
34,D,G,69
34,D,N,24
35,V,A,4
35,V,I,75
35,V,L,58
36,V,I,36
37,Y,C,8
37,Y,H,32
37,Y,N,6
38,C,F,3
38,C,G,11
38,C,S,11
39,P,L,4
42,V,L,38
43,I,L,15
43,I,V,118
45,T,A,34
45,T,I,912
45,T,N,9
46,S,A,17
46,S,C,5
46,S,F,264
46,S,P,46
46,S,Y,11
47,E,A,21
47,E,D,19
47,E,G,98
47,E,K,288
47,E,N,5005
47,E,V,3
48,D,E,5
48,D,G,9
48,D,N,82
48,D,Y,10
49,M,I,237
49,M,L,4
49,M,R,3
49,M,T,52
49,M,V,8
50,L,F,742
51,N,D,4
51,N,S,18
52,P,L,8
52,P,S,8
53,N,S,5
55,E,D,6
56,D,N,7
57,L,S,4
58,L,F,34
59,I,L,4
60,R,C,360
60,R,L,519
61,K,R,151
62,S,Y,18
64,H,Y,25
65,N,S,59
67,L,F,479
67,L,S,102
67,L,V,4
68,V,A,12
68,V,I,24
68,V,L,20
69,Q,H,123
69,Q,L,5
69,Q,R,37
70,A,D,7
70,A,S,28
70,A,T,167
70,A,V,363
71,G,C,4
71,G,D,42
71,G,S,3869
71,G,V,20
72,N,K,9
72,N,S,9
72,N,Y,9
73,V,A,11
73,V,F,26
73,V,I,19
74,Q,P,10
75,L,F,2981
75,L,I,99
75,L,P,6
75,L,R,19
76,R,K,44
76,R,M,6
76,R,S,161
77,V,A,4
77,V,I,88
78,I,L,5
78,I,S,152
78,I,T,102
78,I,V,511
80,H,N,47
80,H,Y,39
81,S,A,59
81,S,F,475
81,S,P,4
81,S,Y,8
82,M,I,201
82,M,T,9
83,Q,H,17
83,Q,K,172
83,Q,L,8
83,Q,R,9
84,N,D,4
84,N,K,89
84,N,S,100
86,V,A,183
86,V,I,206
86,V,L,23
87,L,F,24
87,L,I,28
88,K,N,64
88,K,R,959
89,L,F,89185
89,L,I,7
90,K,N,114
90,K,R,44035
91,V,A,16
91,V,I,14
92,D,E,31
92,D,G,214
92,D,N,14
92,D,Y,5
93,T,A,19
93,T,I,605
93,T,S,3
94,A,S,22
94,A,T,93
94,A,V,654
95,N,S,4
96,P,H,14
96,P,L,2258
96,P,S,1972
96,P,T,53
97,K,N,4
97,K,R,126
98,T,A,11
99,P,L,56
99,P,S,49
99,P,T,18
100,K,N,106
100,K,R,11
101,Y,C,168
102,K,N,11
102,K,R,374
103,F,C,7
103,F,I,6
103,F,L,24
103,F,S,4
104,V,A,16
104,V,F,32
104,V,I,115
105,R,H,133
106,I,F,10
106,I,L,4
106,I,S,3
106,I,T,6
106,I,V,54
107,Q,H,5
107,Q,R,17
108,P,L,868
108,P,Q,115
108,P,S,12694
108,P,T,15
109,G,R,56
110,Q,H,49
110,Q,N,49
112,F,L,23
114,V,A,5
114,V,L,30
114,V,M,19
116,A,S,6
116,A,T,39
116,A,V,487
119,N,D,14
119,N,S,61
119,N,T,12
120,G,C,8
120,G,S,113
121,S,L,215
122,P,S,25
123,S,A,7
123,S,F,45
125,V,I,53
127,Q,H,7
128,C,S,7
129,A,T,7
129,A,V,822
130,M,I,179
130,M,V,26
132,P,A,16
132,P,H,99
132,P,L,746
132,P,S,2032
132,P,T,16
134,F,C,10
134,F,L,28
134,F,S,15
135,T,I,214
136,I,F,4
136,I,T,4
136,I,V,15
137,K,M,39
139,S,A,6
142,N,D,12
142,N,L,8
142,N,S,24
143,G,S,6
148,V,A,5
148,V,I,57
151,N,D,19
151,N,S,7
151,N,Y,12
152,I,M,3
152,I,T,5
152,I,V,6
153,D,G,90
153,D,N,5
155,D,A,4
155,D,E,18
155,D,G,6
155,D,H,9
155,D,N,33
155,D,Y,4
156,C,F,21
156,C,R,36
156,C,S,6
156,C,W,4
156,C,Y,44
157,V,A,4
157,V,F,4
157,V,I,70
157,V,L,723
158,S,F,39
158,S,T,4
159,F,L,39
160,C,F,1962
160,C,S,6
160,C,Y,59
162,M,I,439
162,M,V,21
165,M,I,15
165,M,K,4
165,M,L,8
168,P,-,6
168,P,S,53
169,T,A,7
169,T,I,110
170,G,R,13
170,G,V,4
171,V,F,6
171,V,I,174
171,V,L,25
173,A,S,25
173,A,T,36
173,A,V,27
175,T,S,6
177,L,V,26
178,E,A,20
178,E,D,30
178,E,G,6
179,G,S,3
180,N,D,21
180,N,K,24
180,N,S,3
180,N,T,5
180,N,Y,9
181,F,L,3
184,P,H,59
184,P,L,610
184,P,S,644
184,P,T,14
186,V,A,14
186,V,F,1025
186,V,I,26
188,R,K,53
188,R,M,5
188,R,S,35
189,Q,K,15
190,T,A,9
190,T,I,320
191,A,T,76
191,A,V,1895
193,A,S,31
193,A,T,280
193,A,V,471
194,A,S,223
194,A,T,11
194,A,V,57
195,G,D,21
195,G,S,19
196,T,A,19
196,T,M,3219
197,D,N,7
198,T,A,833
198,T,I,204
198,T,S,12
199,T,A,94
199,T,I,90
199,T,N,10
200,I,V,12
201,T,A,5
202,V,F,5
202,V,I,10
203,N,S,6
204,V,A,77
204,V,D,5
204,V,I,34
205,L,V,3559
206,A,S,5
206,A,V,3
207,W,C,3
208,L,F,4
209,Y,H,26
210,A,T,5
212,V,A,20
212,V,F,143
212,V,I,132
212,V,L,7
213,I,M,10
213,I,T,143
213,I,V,84
215,G,E,6
215,G,R,47
216,D,E,4
216,D,N,12
217,R,G,21
217,R,K,21
217,R,M,31
217,R,S,346
218,W,C,8
220,L,F,449
220,L,I,14
220,L,R,10
221,N,D,5
221,N,H,334
221,N,K,3
221,N,S,1204
222,R,L,28
222,R,Q,48
223,F,C,6
223,F,L,93
223,F,R,4
223,F,S,23
223,F,V,247
224,T,A,30
224,T,I,68
224,T,N,6
225,T,A,5
225,T,I,878
225,T,S,8
226,T,A,4
226,T,I,26
226,T,N,5
227,L,F,214
227,L,I,34
227,L,P,31
227,L,R,24
228,N,K,71
228,N,S,123
228,N,T,4
228,N,Y,5
229,D,E,58
230,F,I,4
230,F,L,3
232,L,F,271
232,L,I,38
233,V,A,30
233,V,L,3
233,V,M,70
234,A,S,21
234,A,T,110
234,A,V,820
235,M,I,184
236,K,N,3
236,K,R,817
237,Y,C,22
237,Y,F,3
237,Y,H,8
238,N,S,13
239,Y,C,53
239,Y,H,5
241,P,H,324
241,P,L,1143
241,P,S,2337
241,P,T,8
242,L,I,4
243,T,A,7
243,T,I,161
243,T,K,9
244,Q,K,4
244,Q,R,24
245,D,A,6
245,D,E,4
245,D,N,11
246,H,D,15
246,H,L,7
246,H,N,10
246,H,R,14
246,H,Y,1452
247,V,A,17
247,V,F,1188
247,V,I,104
248,D,A,8
248,D,E,717
248,D,N,7
248,D,Y,7
249,I,L,8
249,I,R,6
249,I,T,64
249,I,V,23
251,G,E,7
251,G,R,29
252,P,L,144
252,P,S,14
252,P,T,9
253,L,F,28
253,L,H,6
253,L,I,6
253,L,V,3
254,S,A,8
254,S,C,6
254,S,F,456
254,S,Y,11
255,A,V,190
257,T,A,56
257,T,I,439
259,I,L,83
259,I,M,6
259,I,T,59
259,I,V,77
260,A,T,33
260,A,V,3796
261,V,A,58
261,V,F,121
261,V,I,137
262,L,V,3
263,D,A,44
263,D,G,97
263,D,N,173
263,D,Y,16
264,M,I,400
264,M,V,44
266,A,S,3
266,A,T,223
266,A,V,434
267,S,A,4
267,S,L,89
267,S,P,3
269,K,R,15
270,E,A,34
270,E,D,79
270,E,G,26
270,E,Q,4
272,L,M,27
272,L,Q,5
273,Q,H,29
273,Q,K,86
273,Q,L,45
273,Q,R,27
274,N,D,339
274,N,H,5
274,N,S,865
274,N,T,17
274,N,Y,9
275,G,S,28
276,M,I,112
276,M,L,222
276,M,T,63
276,M,V,89
277,N,D,21
277,N,H,12
277,N,K,15
277,N,S,110
277,N,T,55
278,G,E,42
278,G,R,353
278,G,V,7
279,R,C,707
279,R,H,36
279,R,L,6
280,T,A,20
280,T,I,237
280,T,N,5
281,I,L,20
281,I,M,4
281,I,V,105
282,L,F,17
282,L,V,14
283,G,C,52
283,G,D,108
283,G,S,340
284,S,C,65
284,S,G,396
284,S,I,85
284,S,N,5
285,A,S,6
285,A,T,47
285,A,V,315
288,E,D,7
292,T,A,5
292,T,I,4
293,P,L,3
293,P,S,36
293,P,T,9
294,F,L,3
296,V,A,3
296,V,I,741
297,V,F,4
297,V,I,641
298,R,I,9
298,R,K,71
298,R,S,35
300,C,S,22
301,S,A,42
301,S,L,109
301,S,P,7
301,S,T,11
302,G,C,10
303,V,F,3
303,V,I,359
304,T,A,6
304,T,I,205
304,T,N,36
305,F,L,10
305,F,V,11
306,Q,H,7