"resid","site_1","site_2","site_3","count","corrected_count","WT","one_mismatch","DistFromWT","sequence"
231,"TTT","AGT","CTC",0,0,FALSE,FALSE,3,"CTTAATGACTTTAGTCTCGTGGCTATGAAGTACAATTATGAACCTCTA"
231,"TTT","AAT","CTA",1,1,FALSE,FALSE,2,"CTTAATGACTTTAATCTAGTGGCTATGAAGTACAATTATGAACCTCTA"
231,"TTT","TAT","CTC",3,3,FALSE,FALSE,3,"CTTAATGACTTTTATCTCGTGGCTATGAAGTACAATTATGAACCTCTA"
231,"TTT","CAG","CTT",18,18,FALSE,FALSE,2,"CTTAATGACTTTCAGCTTGTGGCTATGAAGTACAATTATGAACCTCTA"
231,"TTT","CAG","CTG",18,18,FALSE,FALSE,3,"CTTAATGACTTTCAGCTGGTGGCTATGAAGTACAATTATGAACCTCTA"
231,"TTT","GAG","CTA",19,19,FALSE,FALSE,3,"CTTAATGACTTTGAGCTAGTGGCTATGAAGTACAATTATGAACCTCTA"
231,"TTT","CAT","CTA",19,19,FALSE,FALSE,3,"CTTAATGACTTTCATCTAGTGGCTATGAAGTACAATTATGAACCTCTA"
231,"TTT","TCG","CTA",21,21,FALSE,FALSE,4,"CTTAATGACTTTTCGCTAGTGGCTATGAAGTACAATTATGAACCTCTA"
231,"TTT","AGT","CTA",24,24,FALSE,FALSE,3,"CTTAATGACTTTAGTCTAGTGGCTATGAAGTACAATTATGAACCTCTA"
231,"TTT","ACG","CTC",24,24,FALSE,FALSE,3,"CTTAATGACTTTACGCTCGTGGCTATGAAGTACAATTATGAACCTCTA"
231,"TTT","ACT","CTC",26,26,FALSE,FALSE,3,"CTTAATGACTTTACTCTCGTGGCTATGAAGTACAATTATGAACCTCTA"
231,"TTT","GCT","CTC",27,27,FALSE,FALSE,4,"CTTAATGACTTTGCTCTCGTGGCTATGAAGTACAATTATGAACCTCTA"
231,"TTT","ACG","CTA",32,32,FALSE,FALSE,3,"CTTAATGACTTTACGCTAGTGGCTATGAAGTACAATTATGAACCTCTA"
231,"TTT","GCT","CTG",34,34,FALSE,FALSE,4,"CTTAATGACTTTGCTCTGGTGGCTATGAAGTACAATTATGAACCTCTA"
231,"TTT","CAG","CTA",35,35,FALSE,FALSE,3,"CTTAATGACTTTCAGCTAGTGGCTATGAAGTACAATTATGAACCTCTA"
231,"TTT","CGG","CTA",35,35,FALSE,FALSE,4,"CTTAATGACTTTCGGCTAGTGGCTATGAAGTACAATTATGAACCTCTA"
231,"TTT","TCT","CTG",39,39,FALSE,FALSE,4,"CTTAATGACTTTTCTCTGGTGGCTATGAAGTACAATTATGAACCTCTA"
231,"TTT","CTT","CTA",40,40,FALSE,FALSE,4,"CTTAATGACTTTCTTCTAGTGGCTATGAAGTACAATTATGAACCTCTA"
231,"TTT","ACT","CTA",41,41,FALSE,FALSE,3,"CTTAATGACTTTACTCTAGTGGCTATGAAGTACAATTATGAACCTCTA"
231,"TTT","AAT","CTG",44,44,FALSE,FALSE,2,"CTTAATGACTTTAATCTGGTGGCTATGAAGTACAATTATGAACCTCTA"
231,"TTT","AAG","CTC",46,46,FALSE,FALSE,2,"CTTAATGACTTTAAGCTCGTGGCTATGAAGTACAATTATGAACCTCTA"
231,"TTT","TGT","CTA",52,52,FALSE,FALSE,4,"CTTAATGACTTTTGTCTAGTGGCTATGAAGTACAATTATGAACCTCTA"
231,"TTT","GCG","CTA",65,65,FALSE,FALSE,4,"CTTAATGACTTTGCGCTAGTGGCTATGAAGTACAATTATGAACCTCTA"
231,"TTT","AGT","CTT",66,66,FALSE,FALSE,2,"CTTAATGACTTTAGTCTTGTGGCTATGAAGTACAATTATGAACCTCTA"
231,"TTT","AAT","CTC",68,68,FALSE,FALSE,2,"CTTAATGACTTTAATCTCGTGGCTATGAAGTACAATTATGAACCTCTA"
231,"TTT","ACT","CTG",68,68,FALSE,FALSE,3,"CTTAATGACTTTACTCTGGTGGCTATGAAGTACAATTATGAACCTCTA"
231,"TTT","AAG","CTG",71,71,FALSE,FALSE,2,"CTTAATGACTTTAAGCTGGTGGCTATGAAGTACAATTATGAACCTCTA"
231,"TTT","GAT","CTA",71,71,FALSE,FALSE,3,"CTTAATGACTTTGATCTAGTGGCTATGAAGTACAATTATGAACCTCTA"
231,"TTT","GCT","CTT",77,77,FALSE,FALSE,3,"CTTAATGACTTTGCTCTTGTGGCTATGAAGTACAATTATGAACCTCTA"
231,"TTT","AGG","CTC",78,78,FALSE,FALSE,3,"CTTAATGACTTTAGGCTCGTGGCTATGAAGTACAATTATGAACCTCTA"
231,"TTT","ACG","CTT",81,81,FALSE,FALSE,2,"CTTAATGACTTTACGCTTGTGGCTATGAAGTACAATTATGAACCTCTA"
231,"TTT","TAT","CTA",82,82,FALSE,FALSE,3,"CTTAATGACTTTTATCTAGTGGCTATGAAGTACAATTATGAACCTCTA"
231,"TTT","CAG","CTC",83,83,FALSE,FALSE,3,"CTTAATGACTTTCAGCTCGTGGCTATGAAGTACAATTATGAACCTCTA"
231,"TTT","TCG","CTC",84,84,FALSE,FALSE,4,"CTTAATGACTTTTCGCTCGTGGCTATGAAGTACAATTATGAACCTCTA"
231,"TTT","ACG","CTG",87,87,FALSE,FALSE,3,"CTTAATGACTTTACGCTGGTGGCTATGAAGTACAATTATGAACCTCTA"
231,"TTT","CGT","CTA",89,89,FALSE,FALSE,4,"CTTAATGACTTTCGTCTAGTGGCTATGAAGTACAATTATGAACCTCTA"
231,"TTT","CGT","CTC",91,91,FALSE,FALSE,4,"CTTAATGACTTTCGTCTCGTGGCTATGAAGTACAATTATGAACCTCTA"
231,"TTT","TGT","CTC",91,91,FALSE,FALSE,4,"CTTAATGACTTTTGTCTCGTGGCTATGAAGTACAATTATGAACCTCTA"
231,"TTT","GCT","CTA",93,93,FALSE,FALSE,4,"CTTAATGACTTTGCTCTAGTGGCTATGAAGTACAATTATGAACCTCTA"
231,"TTT","CAT","CTC",98,98,FALSE,FALSE,3,"CTTAATGACTTTCATCTCGTGGCTATGAAGTACAATTATGAACCTCTA"
231,"TTT","AGG","CTA",99,99,FALSE,FALSE,3,"CTTAATGACTTTAGGCTAGTGGCTATGAAGTACAATTATGAACCTCTA"
231,"TTT","GAT","CTG",99,99,FALSE,FALSE,3,"CTTAATGACTTTGATCTGGTGGCTATGAAGTACAATTATGAACCTCTA"
231,"TTT","ATG","CTA",102,102,FALSE,FALSE,3,"CTTAATGACTTTATGCTAGTGGCTATGAAGTACAATTATGAACCTCTA"
231,"TTT","GCG","CTT",103,103,FALSE,FALSE,3,"CTTAATGACTTTGCGCTTGTGGCTATGAAGTACAATTATGAACCTCTA"
231,"TTT","CTT","CTC",104,104,FALSE,FALSE,4,"CTTAATGACTTTCTTCTCGTGGCTATGAAGTACAATTATGAACCTCTA"
231,"TTT","CGT","CTT",105,105,FALSE,FALSE,3,"CTTAATGACTTTCGTCTTGTGGCTATGAAGTACAATTATGAACCTCTA"
231,"TTT","GAG","CTC",111,111,FALSE,FALSE,3,"CTTAATGACTTTGAGCTCGTGGCTATGAAGTACAATTATGAACCTCTA"
231,"TTT","GGT","CTA",116,116,FALSE,FALSE,4,"CTTAATGACTTTGGTCTAGTGGCTATGAAGTACAATTATGAACCTCTA"
231,"TTT","TCG","CTG",116,116,FALSE,FALSE,4,"CTTAATGACTTTTCGCTGGTGGCTATGAAGTACAATTATGAACCTCTA"
231,"TTT","TCT","CTA",118,118,FALSE,FALSE,4,"CTTAATGACTTTTCTCTAGTGGCTATGAAGTACAATTATGAACCTCTA"
231,"TTT","GGT","CTC",118,118,FALSE,FALSE,4,"CTTAATGACTTTGGTCTCGTGGCTATGAAGTACAATTATGAACCTCTA"
231,"TTT","TTG","CTC",122,122,FALSE,FALSE,4,"CTTAATGACTTTTTGCTCGTGGCTATGAAGTACAATTATGAACCTCTA"
231,"TTT","AAG","CTA",123,123,FALSE,FALSE,2,"CTTAATGACTTTAAGCTAGTGGCTATGAAGTACAATTATGAACCTCTA"
231,"TTT","GAG","CTG",125,125,FALSE,FALSE,3,"CTTAATGACTTTGAGCTGGTGGCTATGAAGTACAATTATGAACCTCTA"
231,"TTT","TCT","CTC",125,125,FALSE,FALSE,4,"CTTAATGACTTTTCTCTCGTGGCTATGAAGTACAATTATGAACCTCTA"
231,"TTT","TCT","CTT",129,129,FALSE,FALSE,3,"CTTAATGACTTTTCTCTTGTGGCTATGAAGTACAATTATGAACCTCTA"
231,"TTT","CAT","CTG",132,132,FALSE,FALSE,3,"CTTAATGACTTTCATCTGGTGGCTATGAAGTACAATTATGAACCTCTA"
231,"TTT","ATG","CTC",138,138,FALSE,FALSE,3,"CTTAATGACTTTATGCTCGTGGCTATGAAGTACAATTATGAACCTCTA"
231,"TTT","AAG","CTT",140,140,FALSE,TRUE,1,"CTTAATGACTTTAAGCTTGTGGCTATGAAGTACAATTATGAACCTCTA"
231,"TTT","ACT","CTT",143,143,FALSE,FALSE,2,"CTTAATGACTTTACTCTTGTGGCTATGAAGTACAATTATGAACCTCTA"
231,"TTT","GCG","CTC",151,151,FALSE,FALSE,4,"CTTAATGACTTTGCGCTCGTGGCTATGAAGTACAATTATGAACCTCTA"
231,"TTT","CGG","CTC",158,158,FALSE,FALSE,4,"CTTAATGACTTTCGGCTCGTGGCTATGAAGTACAATTATGAACCTCTA"
231,"TTT","TCG","CTT",161,161,FALSE,FALSE,3,"CTTAATGACTTTTCGCTTGTGGCTATGAAGTACAATTATGAACCTCTA"
231,"TTT","GAT","CTC",176,176,FALSE,FALSE,3,"CTTAATGACTTTGATCTCGTGGCTATGAAGTACAATTATGAACCTCTA"
231,"TTT","GAT","CTT",186,186,FALSE,FALSE,2,"CTTAATGACTTTGATCTTGTGGCTATGAAGTACAATTATGAACCTCTA"
231,"TTT","CTG","CTT",186,186,FALSE,FALSE,3,"CTTAATGACTTTCTGCTTGTGGCTATGAAGTACAATTATGAACCTCTA"
231,"TTT","GAG","CTT",189,189,FALSE,FALSE,2,"CTTAATGACTTTGAGCTTGTGGCTATGAAGTACAATTATGAACCTCTA"
231,"TTT","GTT","CTA",189,189,FALSE,FALSE,4,"CTTAATGACTTTGTTCTAGTGGCTATGAAGTACAATTATGAACCTCTA"
231,"TTT","CTG","CTA",198,198,FALSE,FALSE,4,"CTTAATGACTTTCTGCTAGTGGCTATGAAGTACAATTATGAACCTCTA"
231,"TTT","CAT","CTT",211,211,FALSE,FALSE,2,"CTTAATGACTTTCATCTTGTGGCTATGAAGTACAATTATGAACCTCTA"
231,"TTT","ATT","CTA",211,211,FALSE,FALSE,3,"CTTAATGACTTTATTCTAGTGGCTATGAAGTACAATTATGAACCTCTA"
231,"TTT","ATT","CTC",213,213,FALSE,FALSE,3,"CTTAATGACTTTATTCTCGTGGCTATGAAGTACAATTATGAACCTCTA"
231,"TTT","ATG","CTG",217,217,FALSE,FALSE,3,"CTTAATGACTTTATGCTGGTGGCTATGAAGTACAATTATGAACCTCTA"
231,"TTT","AGT","CTG",220,220,FALSE,FALSE,3,"CTTAATGACTTTAGTCTGGTGGCTATGAAGTACAATTATGAACCTCTA"
231,"TTT","TTT","CTA",231,231,FALSE,FALSE,4,"CTTAATGACTTTTTTCTAGTGGCTATGAAGTACAATTATGAACCTCTA"
231,"TTT","ATG","CTT",239,239,FALSE,FALSE,2,"CTTAATGACTTTATGCTTGTGGCTATGAAGTACAATTATGAACCTCTA"
231,"TTT","CGG","CTT",239,239,FALSE,FALSE,3,"CTTAATGACTTTCGGCTTGTGGCTATGAAGTACAATTATGAACCTCTA"
231,"TTT","TAT","CTG",243,243,FALSE,FALSE,3,"CTTAATGACTTTTATCTGGTGGCTATGAAGTACAATTATGAACCTCTA"
231,"TTT","TGT","CTT",252,252,FALSE,FALSE,3,"CTTAATGACTTTTGTCTTGTGGCTATGAAGTACAATTATGAACCTCTA"
231,"TTT","AGG","CTT",256,256,FALSE,FALSE,2,"CTTAATGACTTTAGGCTTGTGGCTATGAAGTACAATTATGAACCTCTA"
231,"TTT","GCG","CTG",256,256,FALSE,FALSE,4,"CTTAATGACTTTGCGCTGGTGGCTATGAAGTACAATTATGAACCTCTA"
231,"TTT","TGT","CTG",257,257,FALSE,FALSE,4,"CTTAATGACTTTTGTCTGGTGGCTATGAAGTACAATTATGAACCTCTA"
231,"TTT","GTG","CTC",261,261,FALSE,FALSE,4,"CTTAATGACTTTGTGCTCGTGGCTATGAAGTACAATTATGAACCTCTA"
231,"TTT","GTG","CTA",264,264,FALSE,FALSE,4,"CTTAATGACTTTGTGCTAGTGGCTATGAAGTACAATTATGAACCTCTA"
231,"TTT","TTG","CTA",264,264,FALSE,FALSE,4,"CTTAATGACTTTTTGCTAGTGGCTATGAAGTACAATTATGAACCTCTA"
231,"TTT","GTG","CTT",275,275,FALSE,FALSE,3,"CTTAATGACTTTGTGCTTGTGGCTATGAAGTACAATTATGAACCTCTA"
231,"TTT","CTG","CTC",277,277,FALSE,FALSE,4,"CTTAATGACTTTCTGCTCGTGGCTATGAAGTACAATTATGAACCTCTA"
231,"TTT","GGG","CTA",283,283,FALSE,FALSE,4,"CTTAATGACTTTGGGCTAGTGGCTATGAAGTACAATTATGAACCTCTA"
231,"TTT","TAT","CTT",298,298,FALSE,FALSE,2,"CTTAATGACTTTTATCTTGTGGCTATGAAGTACAATTATGAACCTCTA"
231,"TTT","CGT","CTG",298,298,FALSE,FALSE,4,"CTTAATGACTTTCGTCTGGTGGCTATGAAGTACAATTATGAACCTCTA"
231,"TTT","ATT","CTG",304,304,FALSE,FALSE,3,"CTTAATGACTTTATTCTGGTGGCTATGAAGTACAATTATGAACCTCTA"
231,"TTT","AGG","CTG",306,306,FALSE,FALSE,3,"CTTAATGACTTTAGGCTGGTGGCTATGAAGTACAATTATGAACCTCTA"
231,"TTT","GTT","CTC",307,307,FALSE,FALSE,4,"CTTAATGACTTTGTTCTCGTGGCTATGAAGTACAATTATGAACCTCTA"
231,"TTT","CTT","CTG",323,323,FALSE,FALSE,4,"CTTAATGACTTTCTTCTGGTGGCTATGAAGTACAATTATGAACCTCTA"
231,"TTT","CTT","CTT",327,327,FALSE,FALSE,3,"CTTAATGACTTTCTTCTTGTGGCTATGAAGTACAATTATGAACCTCTA"
231,"TTT","CGG","CTG",389,389,FALSE,FALSE,4,"CTTAATGACTTTCGGCTGGTGGCTATGAAGTACAATTATGAACCTCTA"
231,"TTT","ATT","CTT",393,393,FALSE,FALSE,2,"CTTAATGACTTTATTCTTGTGGCTATGAAGTACAATTATGAACCTCTA"
231,"TTT","TGG","CTA",402,402,FALSE,FALSE,4,"CTTAATGACTTTTGGCTAGTGGCTATGAAGTACAATTATGAACCTCTA"
231,"TTT","TTG","CTG",417,417,FALSE,FALSE,4,"CTTAATGACTTTTTGCTGGTGGCTATGAAGTACAATTATGAACCTCTA"
231,"TTT","AAT","CTT",419,209.5,FALSE,TRUE,1,"CTTAATGACTTTAATCTTGTGGCTATGAAGTACAATTATGAACCTCTA"
231,"TTT","CCT","CTA",422,422,FALSE,FALSE,4,"CTTAATGACTTTCCTCTAGTGGCTATGAAGTACAATTATGAACCTCTA"
231,"TTT","CTG","CTG",456,456,FALSE,FALSE,4,"CTTAATGACTTTCTGCTGGTGGCTATGAAGTACAATTATGAACCTCTA"
231,"TTT","TTG","CTT",477,477,FALSE,FALSE,3,"CTTAATGACTTTTTGCTTGTGGCTATGAAGTACAATTATGAACCTCTA"
231,"TTT","TTT","CTC",486,486,FALSE,FALSE,4,"CTTAATGACTTTTTTCTCGTGGCTATGAAGTACAATTATGAACCTCTA"
231,"TTT","TTT","CTG",508,508,FALSE,FALSE,4,"CTTAATGACTTTTTTCTGGTGGCTATGAAGTACAATTATGAACCTCTA"
231,"TTT","CCG","CTA",519,519,FALSE,FALSE,4,"CTTAATGACTTTCCGCTAGTGGCTATGAAGTACAATTATGAACCTCTA"
231,"TTT","GTT","CTT",535,535,FALSE,FALSE,3,"CTTAATGACTTTGTTCTTGTGGCTATGAAGTACAATTATGAACCTCTA"
231,"TTT","GTT","CTG",544,544,FALSE,FALSE,4,"CTTAATGACTTTGTTCTGGTGGCTATGAAGTACAATTATGAACCTCTA"
231,"TTT","GGG","CTT",577,577,FALSE,FALSE,3,"CTTAATGACTTTGGGCTTGTGGCTATGAAGTACAATTATGAACCTCTA"
231,"TTT","GGT","CTT",600,600,FALSE,FALSE,3,"CTTAATGACTTTGGTCTTGTGGCTATGAAGTACAATTATGAACCTCTA"
231,"TTT","TGG","CTC",636,636,FALSE,FALSE,4,"CTTAATGACTTTTGGCTCGTGGCTATGAAGTACAATTATGAACCTCTA"
231,"TTT","GGG","CTC",664,664,FALSE,FALSE,4,"CTTAATGACTTTGGGCTCGTGGCTATGAAGTACAATTATGAACCTCTA"
231,"TTT","TTT","CTT",683,683,FALSE,FALSE,3,"CTTAATGACTTTTTTCTTGTGGCTATGAAGTACAATTATGAACCTCTA"
231,"TTT","TAG","CTA",715,715,FALSE,FALSE,3,"CTTAATGACTTTTAGCTAGTGGCTATGAAGTACAATTATGAACCTCTA"
231,"TTT","CCT","CTC",730,730,FALSE,FALSE,4,"CTTAATGACTTTCCTCTCGTGGCTATGAAGTACAATTATGAACCTCTA"
231,"TTT","GGT","CTG",734,734,FALSE,FALSE,4,"CTTAATGACTTTGGTCTGGTGGCTATGAAGTACAATTATGAACCTCTA"
231,"TTT","GTG","CTG",735,735,FALSE,FALSE,4,"CTTAATGACTTTGTGCTGGTGGCTATGAAGTACAATTATGAACCTCTA"
231,"TTT","CCG","CTT",752,752,FALSE,FALSE,3,"CTTAATGACTTTCCGCTTGTGGCTATGAAGTACAATTATGAACCTCTA"
231,"TTT","CCT","CTG",774,774,FALSE,FALSE,4,"CTTAATGACTTTCCTCTGGTGGCTATGAAGTACAATTATGAACCTCTA"
231,"TTT","CCT","CTT",921,921,FALSE,FALSE,3,"CTTAATGACTTTCCTCTTGTGGCTATGAAGTACAATTATGAACCTCTA"
231,"TTT","CCG","CTC",930,930,FALSE,FALSE,4,"CTTAATGACTTTCCGCTCGTGGCTATGAAGTACAATTATGAACCTCTA"
231,"TTT","TGG","CTT",1064,1064,FALSE,FALSE,3,"CTTAATGACTTTTGGCTTGTGGCTATGAAGTACAATTATGAACCTCTA"
231,"TTT","TGG","CTG",1110,1110,FALSE,FALSE,4,"CTTAATGACTTTTGGCTGGTGGCTATGAAGTACAATTATGAACCTCTA"
231,"TTT","GGG","CTG",1626,1626,FALSE,FALSE,4,"CTTAATGACTTTGGGCTGGTGGCTATGAAGTACAATTATGAACCTCTA"
231,"TTT","TAG","CTC",1670,1670,FALSE,FALSE,3,"CTTAATGACTTTTAGCTCGTGGCTATGAAGTACAATTATGAACCTCTA"
231,"TTT","CCG","CTG",1921,1921,FALSE,FALSE,4,"CTTAATGACTTTCCGCTGGTGGCTATGAAGTACAATTATGAACCTCTA"
231,"TTT","TAG","CTG",2114,2114,FALSE,FALSE,3,"CTTAATGACTTTTAGCTGGTGGCTATGAAGTACAATTATGAACCTCTA"
231,"TTT","TAG","CTT",2283,2283,FALSE,FALSE,2,"CTTAATGACTTTTAGCTTGTGGCTATGAAGTACAATTATGAACCTCTA"
231,"TTT","AAC","CTT",1251028,1251028,TRUE,FALSE,0,"CTTAATGACTTTAACCTTGTGGCTATGAAGTACAATTATGAACCTCTA"
